Paper name,Accession_number,Bacterial name (Found of Species finder),NUMBER,Bacterial name (written in paper)
"Whole-Genome Shotgun Sequencing of the Extremophile Alkalibacillus haloalkaliphilus C-5, of Indian Origin", AKIF00000000,Alkalibacillus Haloalkaliphilus,1,Alkalibacillus Haloalkaliphilus
Genome sequence of Oceanobacillus iheyensis isolated from the Iheya Ridge and its unexpected adaptive capabilities to extreme environments ,AP004593,Oceanobacillus iheyensis HTE831,8,Oceanobacillus iheyensis HTE831
,AP004594,Oceanobacillus iheyensis HTE831,8,Oceanobacillus iheyensis HTE831
,AP004595,Oceanobacillus iheyensis HTE831,8,Oceanobacillus iheyensis HTE831
,AP004596,Not found,16,Oceanobacillus iheyensis HTE831
,AP004597,Not found,16,Oceanobacillus iheyensis HTE831
,AP004598,Oceanobacillus iheyensis HTE831,8,Oceanobacillus iheyensis HTE831
,AP004599,Oceanobacillus iheyensis HTE831,8,Oceanobacillus iheyensis HTE831
,AP004600,Oceanobacillus iheyensis HTE831,8,Oceanobacillus iheyensis HTE831
,AP004601,Oceanobacillus iheyensis HTE831,8,Oceanobacillus iheyensis HTE831
,AP004603,Oceanobacillus iheyensis HTE831,8,Oceanobacillus iheyensis HTE831
,AP004605,Not found,16,Oceanobacillus iheyensis HTE831
"Complete genome sequence of cyanobacterium Fischerella sp. NIES-3754, providing thermoresistant optogenetic tools",AP017305,Fischerella Major NIES-592,1,Fischerella  and 9 cyanobacteriochromes
Complete Genome Sequence of Thermus aquaticus Y51MC23,CP010822,Thermus Scotoductus SA-01,4,Thermus aquaticus Y51MC23
Genome Sequence and Transcriptome Analysis of the Radioresistant Bacterium Deinococcus gobiensis: Insights into the Extreme Environmental Adaptations, CP002536,Deinnococcus proteolyticus,1,Deinococcus gobiensis
Complete genome sequence of the bioleaching bacterium Leptospirillum sp. group II strain CF-1, CP012147,Leptospirillum Ferriphilum,1,Leptospirillum ferrooxidans 
Complete genome sequence of Pseudomonas frederiksbergensis ERDD5:01 revealed genetic bases for survivability at high altitude ecosystem and bioprospection potential,CP017886,Pseudomonas sp. NP28-5,1,Pseudomonas frederiksbergensis
"Complete genome sequence of Methanofervidicoccus sp. A16, a thermophilic methanogen isolated from Mid Cayman Rise hydrothermal vent", CP022242,Hydrothermal Vent Metagenome,1,Methanofervidicoccus
Genomic and transcriptomic insights into the survival of the subaerial cyanobacterium Nostoc flagelliforme in arid and exposed habitats,CP024785,Nostoc sp. Os-1,1,Nostoc flagelliforme
"Genome analysis of Crassaminicella sp. SY095, an anaerobic mesophilic marine bacterium isolated from a deep-sea hydrothermal vent on the Southwest Indian Ridge",CP042243,Uncultured Firmicutes bacterium,1,Crassaminicella sp. SY095
"Complete genome sequence of Thermosulfurimonas marina SU872T, an anaerobic thermophilic chemolithoautotrophic bacterium isolated from a shallow marine hydrothermal vent", CP042909,Thermosulfurimonas Marina,1,Thermosulfurimonas Marina
Genomic insights revealed the environmental adaptability of Planococcus halotolerans Y50 isolated from petroleum-contaminated soil on the Qinghai-Tibet Plateau,  CP047673,Planococcusmsp SCU63,1,Planococcus halotolerans Y50
"Complete genome sequence of Marinomonas arctica BSI20414, a giant antifreeze protein-producing bacterium isolated from Arctic sea ice", CP061081,Marinomonas sp 382,1,Marinomonas arctica BSI20414
"Complete genome sequencing of Bacillus sp. TK-2, analysis of its cold evolution adaptability",CP067375,Bacillus Anthracis sp A0389,1, Bacillus sp. TK-2
Complete genome sequence of Roseivivax marinus strain TCYB24 with quorum sensing system reveal the adaptive mechanism against deep-sea hydrothermal environment, CP090152,Roseivivax marinus,2,Roseivivax marinus
Complete genome analysis of copper resistant bacteria Pseudoalteromonas sp. CuT4–3 isolated from a deep-sea hydrothermal vent,CP142030,Pseudoalteromonas Agarivorans,1,Pseudoalteromonas sp. CuT4-3
"Whole genome sequencing and comparative genomic analyses of Planococcus alpniumensis MSAK28401T, a new species isolated from Antarctic krill",JAAMTH000000000,Planococcus Rifietoensis,1,Planococcus alpniumensis
Whole-genome sequencing of two Streptomyces strains isolated from the sand dunes of Sahara,JADBJQ000000000,Streptomyces Rochei,2,Streptomyces
,JADBJP000000000,Streptomyces Rochei,2,Streptomyces
"Whole-genome sequencing of Pseudomonas sp. TAE6080, a strain capable of inhibiting Staphylococcus epidermidis biofilm",JAHIDY000000000,Pseudomonas sp. OV577,1,Pseudomonas sp. TAE6080.
Comparative Genomic Analyses of the Genus Nesterenkonia Unravels the Genomic Adaptation to Polar Extreme Environments,JAJOYW000000000, Nesterenkonia sp AN1,1, Nesterenkonia
,JAJOYX000000000, Nesterenkonia sandarakina,1, Nesterenkonia
"Arthrobacter vasquezii sp. nov., isolated from a soil sample from Union Glacier, Antarctica",JAROKN000000000,Arthrobacter sp. L134,1,Arthrobacter vasquezii 
Rhodococcus indonesiensis sp. nov. a new member of the Rhodococcus ruber lineage isolated from sediment of a neutral hot spring and reclassification of Rhodococcus electrodiphilus (Ramaprasad et al. 2018) as a later heterotypic synonym of Rhodococcus ruber (Kruse 1896) Goodfellow and Alderson 1977 (Approved Lists 1980),JAUBOF000000000,Rhodococcus sp RS-R2,1,Rhodococcus indonesiensis
Whole genome sequence analysis reveals high genetic variation of newly isolated Acidithiobacillus ferrooxidans IO-2C,KT203930, Acidithiobacillus spLLS-1,1, Acidithiobacillus ferrooxidans
Pervasiveness of UVC254-resistant Geobacillus strains in extreme environments,NADP00000000,Bacillus sp NBY16,1,Geobacillus
,NADS00000000,Unidentified ,11,Geobacillus
,NAGD00000000,Unidentified ,11,Geobacillus
,NAGF00000000,Bacillus Coagulans,1,Geobacillus
,PIJF00000000,Unidentified ,11,Geobacillus
,PIJH00000000,Geobacillus Thermodenitrificans,1,Geobacillus
"Arthrobacter ruber sp. nov., isolated from glacier ice",PPTH00000000,Uncultured Actinobacterium,1,Arthrobacter ruber
,PRKW00000000,Uncultured ,1,Arthrobacter ruber
,PRKX00000000,Arthrobacter agilis,1,Arthrobacter ruber
A thermophilic chemolithoautotrophic bacterial consortium suggests a mutual relationship between bacteria in extreme oligotrophic environments,PQID00000000,Streptomyces Thermoautotrophicus,1,chemolithoautotrophic
"Genomic adaptation of Pseudomonas strains to acidity and antibiotics in hydrothermal vents at Kolumbo submarine volcano, Greece",PRJNA579073A,Pseudomonas Stutzeri,1,Pseudomonas
,PRJNA579073B,Pseudomonas Aeruginosa,7,Pseudomonas
,PRJNA579073C, Pseudomonas Balearica,2,Pseudomonas
,PRJNA579073D,Pseudomonas Aeruginosa,7,Pseudomonas
,PRJNA579073E,Pseudomonas Aeruginosa,7,Pseudomonas
,PRJNA579073F,Psedomonas Stutzeri A1501,1,Pseudomonas
,PRJNA579073G,Pseudomonas Aeruginosa,7,Pseudomonas
,PRJNA579073H,  Pseudomonas Strutzeri,3,Pseudomonas
,PRJNA579073I,  Psedomonas Strutzeri NF13,1,Pseudomonas
,PRJNA579073J,  Psedomonas Strutzeri A1501,1,Pseudomonas
,PRJNA579073K, Pseudomonas Balearica,2,Pseudomonas
,PRJNA579073L,  Pseudomonas Strutzeri,3,Pseudomonas
,PRJNA579073M,Pseudomonas Strutzeri,1,Pseudomonas
,PRJNA579073N,Pseudomonas Aeruginosa,7,Pseudomonas
,PRJNA579073O,Pseudomonas Aeruginosa,7,Pseudomonas
,PRJNA579073P, Pseudomonas Aeruginosa VRFPA07,1,Pseudomonas
,PRJNA579073Q, Pseudomonas Balearica DSM 6083,1,Pseudomonas
,PRJNA579073R, Pseudomonas Strutzeri A1501,4,Pseudomonas
,PRJNA579073S, Pseudomonas Strutzeri A1501,4,Pseudomonas
,PRJNA579073T, Pseudomonas Strutzeri A1501,4,Pseudomonas
,PRJNA579073U, Pseudomonas Strutzeri A1501,4,Pseudomonas
,PRJNA579073W,  Pseudomonas Strutzeri,3,Pseudomonas
Whole genome sequencing of four bacterial strains from South Shetland Trench revealing biosynthetic and environmental adaptation gene clusters,QNTT00000000,Pseudomonas zhaodongensis,1,"Dietzia maris SST1, Pseudomonas zhaodongensis SST2, Pseudomonas sp. SST3 and Halomonas sulfidaeris SST4"
,QNTU00000000,Halomonas sp JB37,1,"Dietzia maris SST1, Pseudomonas zhaodongensis SST2, Pseudomonas sp. SST3 and Halomonas sulfidaeris SST4"
,QNTV00000000,Dietzia Alimentaria,2,"Dietzia maris SST1, Pseudomonas zhaodongensis SST2, Pseudomonas sp. SST3 and Halomonas sulfidaeris SST4"
,QORI02000000,Pseudomonas Flurescens,1,"Dietzia maris SST1, Pseudomonas zhaodongensis SST2, Pseudomonas sp. SST3 and Halomonas sulfidaeris SST4"
Bacterial diversity in 110 thermal hot springs of Indian Himalayan Region (IHR),QREZ00000000,Uncultured compost bacterium,1,-
The genome of Bacillus coahuilensis reveals adaptations essential for survival in the relic of an ancient marine environment,  ABFU01000000,Bacillus coahuilensis,1,Bacillus coahuilensis
"Complete genome sequence of Flavobacterium arcticum SM1502T, exhibiting adaption to the Arctic marine salty environment",AUGP01000000, Flavobacterium subaxonicum,1, Flavobacterium arcticum 
,CP031188, Flavobacterium arcticum ,1, Flavobacterium arcticum 
Genome Analysis of the Anaerobic Thermohalophilic Bacterium Halothermothrix orenii,CP001098,Halothermothrix ,1,Halothermothrix orenii
Complete genome sequence of Planococcus sp. PAMC21323 isolated from Antarctica and its metabolic potential to detoxify pollutants,CP009129, Planococcus sp.  PAMC21323,1,Planococcus sp. 
Psychrotrophic plant beneficial bacteria from the glacial ecosystem of Sikkim Himalaya: Genomic evidence for the cold adaptation and plant growth promotion,CP013203,,0,
,CP013200,Arthrobacter Alpinus,6,
,CP019062,Rohnella sp. RMRI.05,1,
"Complete genome sequence of Flavobacterium arcticum SM1502T, exhibiting adaption to the Arctic marine salty environment",CP031188,Flavobacterium Articum ,1,Flavobacterium arcticum SM1502T
,NZ_JRLV01000001,Not found,16,Flavobacterium arcticum SM1502T
"Complete genome sequence of a psychrotolerant and piezotolerant bacterium Parasedimentitalea marina W43T, isolated from deep sea water of the New Britain trench",CP033219,Sedimentitalea sp. W43,1,Parasedimentitalea marina 
"Complete genome sequencing and comparative genomic analyses of Bacillus sp. S3, a novel hyper Sb(III)-oxidizing bacterium",CP039727,Bacillus sp. L75,1,Bacillus sp. S3
"Antarctic desert soil bacteria exhibit high novel natural product potential, evaluated through long-read genome sequencing and comparative genomics",CP043178,Arthrobacter sp HLT 1-5,1,
,CP043638,Streptomyces sp NRRL S-104,1,
,CP043639,Sphingomonas sp. TZW2008,1,
,CP043641,Unidentified ,11,
,CP043644,Hymenobacter Profundi,1,
,CP043652,Geodermatophilus sp. Leaf 369,1,
,CP043653,Glaccihabitans Tibetensis,1,
,CP043661,Kribbella Swartbergensis,1,
,CP045492,Uncultured bacterium,11,
,CP045496,Mesorhizobium group,1,
,CP045497,Uncultured bacterium,11,
,CP045702,Strptomyces Finlayi,1,
,CP045704,Streptomyces Cliastaticus,1,
"Complete Genome Sequence and Comparative Genome Analysis of Variovorax sp. Strains PAMC28711, PAMC26660, and PAMC28562 and Trehalose Metabolic Pathways in Antarctica Isolates",CP060295,Variovorax sp. GV040,1,Variovorax sp. Strains
,CP060296,UnculturedVariovorax sp. ,1,Variovorax sp. Strains
Complete genome analysis reveals environmental adaptability of sulfur-oxidizing bacterium Thioclava nitratireducens M1-LQ-LJL-11 and symbiotic relationship with deep-sea hydrothermal vent Chrysomallon squamiferum,CP123974, Thioclava sp,1, Thioclava nitratireducens 
The genome of the extremophile Artemia provides insight into strategies to cope with extreme environments,JAGUUB01,Hepatocystis sp PP1,1,Artemia
"Staphylococcus edaphicus sp. nov., Isolated in Antarctica, Harbors the mecC Gene and Genomic Islands with a Suspected Role in Adaptation to Extreme Environments",MRZN00000000,Staphylococcus aureus,1,Staphylococcus edaphicus
,MRZO00000000,Staphylococcus aureus sub sp. Aureus tager 104,1,Staphylococcus edaphicus
"The Complete Genome Sequence of Cupriavidus metallidurans Strain CH34, a Master Survivalist in Harsh and Anthropogenic Environments", NC_007971,Not found,16,Cupriavidus metallidurans Strain CH34
, NC_007973,Cupriavidus Plantarum,2,Cupriavidus metallidurans Strain CH34
, NC_007974,Cupriavidus Plantarum,2,Cupriavidus metallidurans Strain CH34
Complete genome sequence of Arthrobacter sp. PAMC25564 and its comparative genome analysis for elucidating the role of CAZymes in cold adaptation,NZ_CP007595,Arthrobacter sp. PAMC25486,1,Arthrobacter sp. PAMC25564
,NZ_CP012479,Arthrobacter sp. ERGS1.01,1,Arthrobacter sp. PAMC25564
, NZ_CP012677,Arthrobacter alpinus,6,Arthrobacter sp. PAMC25564
,NZ_CP013200,Arthrobacter alpinus,6,Arthrobacter sp. PAMC25564
,NZ_CP013297,Arthrobacter sp. YC-RL1,2,Arthrobacter sp. PAMC25564
,NZ_CP013745,Arthrobacter alpinus,6,Arthrobacter sp. PAMC25564
, NZ_CP013747,Arthrobacter sp,2,Arthrobacter sp. PAMC25564
,NZ_CP014196,Arthrobacter sp,2,Arthrobacter sp. PAMC25564
,NZ_CP015732,Arthrobacter sp U41,1,Arthrobacter sp. PAMC25564
,NZ_CP017421,Arthrobacter sp PSB94,1,Arthrobacter sp. PAMC25564
, NZ_CP019304,Arthrobacter sp QXT-31,1,Arthrobacter sp. PAMC25564
, NZ_CP019304,Pseudoartherobacter Phenanthrenivorans,1,Arthrobacter sp. PAMC25564
,NZ_CP029642,Arthrobacter sp DCT-5,1,Arthrobacter sp. PAMC25564
,NZ_CP039290,Pseudoarthrobacter Sulfonivirus,1,Arthrobacter sp. PAMC25564
,NZ_CP040018,Arthrobacter Oxyzae,1,Arthrobacter sp. PAMC25564
,NZ_CP040174,Uncultured bacterium,11,Arthrobacter sp. PAMC25564
,NZ_CP042172,Arthrobacter sp.,4,Arthrobacter sp. PAMC25564
Cold-adapted Bacilli isolated from the Qinghai–Tibetan Plateau are able to promote plant growth in extreme environments,PVME00000000/PVME01,Bacillus Pumilus,21, Bacilli 
,PVQJ00000000/PVQJ01,Bacillus Muralis,1, Bacilli 
, PVQK00000000/ PVQK01,Bacillus Pumilus,21, Bacilli 
,PVQL00000000/PVQL01,Bacillus Pumilus,21, Bacilli 
,PVQM0000000/PVQM01`,Baciilus Sublilis,1, Bacilli 
,PVQN0000000/PVQN01,Bacillus sp (in bacteria),10, Bacilli 
,PVQO0000000/PVQO01,Bacillus sp (in bacteria),10, Bacilli 
,PVQP0000000/PVQP01,Bacillus sp (in bacteria),10, Bacilli 
,PVQQ000000/PVQQ01,Bacillus sp (in bacteria),10, Bacilli 
,PVQR000000/PVQR01,Bacillus Paralicheniformis,1, Bacilli 
,PVQS000000/PVQS01,Bacillus Pumilus,21, Bacilli 
,PVQT000000/PVQT01,Bacillus Pumilus,21, Bacilli 
,PVQU000000/PVQU01,Bacillus Pumilus,21, Bacilli 
,PVQW000000/PVQW01,Bacillus Pumilus,21, Bacilli 
,PQX000000/PVQX01,Bacillus Pumilus,21, Bacilli 
,PVQY000000/PVQY01,Bacillus Pumilus,21, Bacilli 
,PVQZ000000/PVQZ01,Bacillus Pumilus,21, Bacilli 
,PVRA00000000,Bacillus Pumilus,21, Bacilli 
,PVRB00000000,Bacillus Pumilus,21, Bacilli 
,PVRC00000000,Bacillus Pumilus,21, Bacilli 
,PVRD00000000,Bacillus Pumilus,21, Bacilli 
,PVRE00000000,Bacillus Pumilus,21, Bacilli 
,PVRF00000000,Bacillus Pumilus,21, Bacilli 
,PVRG00000000,Bacillus Pumilus,21, Bacilli 
,PVRH00000000,Bacillus Pumilus,21, Bacilli 
,PVRI00000000,Bacillus Pumilus,21, Bacilli 
,PVRJ00000000,Bacillus Veiezensis Variant Polyfermenticus,3, Bacilli 
,PVRK00000000,Bacillus Veiezensis Variant Polyfermenticus,3, Bacilli 
,PVRL00000000,Bacillus sp (in bacteria),10, Bacilli 
,PVRIM0000000,Streptococcus pneumoniae,1, Bacilli 
,PVRIN00000000,Bacillus Thurenginsis,2, Bacilli 
,PVRO00000000,Bacillus Veiezensis Variant Polyfermenticus,3, Bacilli 
,PVRP00000000,Bacillus sp (in bacteria),10, Bacilli 
,PVRQ00000000,Bacillus Thurenginsis,2, Bacilli 
,PVRR00000000,Bacillus sp (in bacteria),10, Bacilli 
,PVRS00000000,Bacillus Cereus,4, Bacilli 
,PVRT00000000,Bacillus Cereus,4, Bacilli 
,PVRU00000000,Bacillus Cereus,4, Bacilli 
,PVWA0000000,Bacillus sp (in bacteria),10, Bacilli 
,PVWB0000000,Bacillus sp (in bacteria),10, Bacilli 
,PVWC0000000,Bacillus sp (in bacteria),10, Bacilli 
,PVWX0000000,Bacillus Pumilus,21, Bacilli 
,PVWY0000000,Bacillus Pumilus,21, Bacilli 
,PVWP0000000,Bacillus cereus,4, Bacilli 
Genome sequences of two Antarctic strains of Pseudomonas prosekii: insights into adaptation to extreme conditions,QFAV00000000,Pseudomonas Fluorescens,1,Pseudomonas prosekii
,QFAW00000000,Pseudomonas Syringae pv. Pisi,2,Pseudomonas prosekii
Whole Genome Sequence of Dermacoccus abyssi MT1.1 Isolated from the Challenger Deep of the Mariana Trench Reveals Phenazine Biosynthesis Locus and Environmental Adaptation Factors,QWLM01000000,Dermacoccus sp. MT3.1,1,Dermacoccus abyssi MT1.1
"Whole genome sequence analysis of Cupriavidus campinensis S14E4C, a heavy metal resistant bacterium",VCIZ01000000,Ralstonia sp T6,1,Cupriavidus campinensis S14E4C
"Antarctic desert soil bacteria exhibit high novel natural product potential, evaluated through long-read genome sequencing and comparative genomics",VUOG00000000,Novosphingobium sp. MG37,1,
,VUOH00000000,Quadrisphaera sp THG-DM1,1,
,VUOI00000000,Uncultured Azospirillum sp,1,
,VUOJ00000000,Unidentified ,11,
"Description of Massilia rubra sp. nov., Massilia aquatica sp. nov., Massilia mucilaginosa sp. nov., Massilia frigida sp. nov., and one Massilia genomospecies isolated from Antarctic streams, lakes and regoliths",AGZI00000000,Massilia Timonae CCUG 45783,1,"Massilia rubra sp. nov. , Massilia aquatica sp. nov., Massilia mucilaginosa sp. nov., Massilia frigida sp. Nov"
,CP024608,Massilia Violaceinigra,1,"Massilia rubra sp. nov. , Massilia aquatica sp. nov., Massilia mucilaginosa sp. nov., Massilia frigida sp. Nov"
,CP038026,Massilia sp. 4D6,1,"Massilia rubra sp. nov. , Massilia aquatica sp. nov., Massilia mucilaginosa sp. nov., Massilia frigida sp. Nov"
,CP029343,Massilia Oculi,1,"Massilia rubra sp. nov. , Massilia aquatica sp. nov., Massilia mucilaginosa sp. nov., Massilia frigida sp. Nov"
,FPBO00000000,Massilia Namucuonensis,1,"Massilia rubra sp. nov. , Massilia aquatica sp. nov., Massilia mucilaginosa sp. nov., Massilia frigida sp. Nov"
,JSAB00000000,Massilia sp. GEM(5),1,"Massilia rubra sp. nov. , Massilia aquatica sp. nov., Massilia mucilaginosa sp. nov., Massilia frigida sp. Nov"
,PDOB00000000,Massilia Psychrophile,1,"Massilia rubra sp. nov. , Massilia aquatica sp. nov., Massilia mucilaginosa sp. nov., Massilia frigida sp. Nov"
,PDOC00000000,Massilia Eurypsychrophila,1,"Massilia rubra sp. nov. , Massilia aquatica sp. nov., Massilia mucilaginosa sp. nov., Massilia frigida sp. Nov"
,PXWF00000000,Massilia Glaciei,1,"Massilia rubra sp. nov. , Massilia aquatica sp. nov., Massilia mucilaginosa sp. nov., Massilia frigida sp. Nov"
,RXLQ00000000,Massilia sp,1,"Massilia rubra sp. nov. , Massilia aquatica sp. nov., Massilia mucilaginosa sp. nov., Massilia frigida sp. Nov"
Experimental Evolution of Enhanced Growth by Bacillus subtilis at Low Atmospheric Pressure: Genomic Changes Revealed by Whole-Genome Sequencing,AL009126,Bacillus Subtilis,2,Bacillus subtilis
"Antarctic desert soil bacteria exhibit high novel natural product potential, evaluated through long-read genome sequencing and comparative genomics",AL645882,Streptomyces Albidoflavus,1,
,AP009493,Streptomyces Europaeiscabiei,1,
,BA000030,Unidentified ,11,
,CP024894,Amycolatopsis sp. AA4,1,
,NC_020990,Strptomyces Albus,1,
Analysis of the probiotic characteristics and adaptability of Lactiplantibacillus plantarum DMDL 9010 to gastrointestinal environment by complete genome sequencing and corresponding phenotypes,AL935263,Lactobacillus Plantarum,6,Lactiplantibacillus plantarum DMDL 9010
,CP001796,Lactobacillus Plantarum,6,Lactiplantibacillus plantarum DMDL 9010
,CP004082,Lactobacillus Plantarum,6,Lactiplantibacillus plantarum DMDL 9010
,CP016071,Lactobacillus Plantarum,6,Lactiplantibacillus plantarum DMDL 9010
,CP063986,Lactobacillus Plantarum,6,Lactiplantibacillus plantarum DMDL 9010
,NC_021514,Lactobacillus Plantarum,6,Lactiplantibacillus plantarum DMDL 9010
"Complete genome sequence of the Sulfodiicoccus acidiphilus strain HS-1T, the first crenarchaeon that lacks polB3, isolated from an acidic hot spring in Ohwaku-dani, Hakone, Japan",AP018553,Sulfodiicoccus Acidiphilus,1,Sulfodiicoccus acidiphilus strain HS-1T
"Nitrosophilus alvini gen. nov., sp. nov., a hydrogen-oxidizing chemolithoautotroph isolated from a deep-sea hydrothermal vent in the East Pacific Rise, inferred by a genome-based taxonomy of the phylum “Campylobacterota”",AP022847,Uncultured Bacterium,11,Nitrosophilus alvini gen. nov
Insights into Brevibacillus borstelensis AK1 through Whole Genome Sequencing: A Thermophilic Bacterium Isolated from a Hot Spring in Saudi Arabia,APBN01000001,Brevibacillus Borstelensis Akl,1,Brevibacillus borstelensis AK1
"Physiological and genomic properties of Thermus tenuipuniceus sp. nov., a novel slight reddish color member isolated from a terrestrial geothermal spring",ARLD00000000,Thermus Scotoductus SA-01,4,Thermus tenuipuniceus sp. Nov
,JQLK00000000,Thermus Scotoductus SA-02,1,Thermus tenuipuniceus sp. Nov
,JQMV01000000,Thermus Amyloliquefaciens,1,Thermus tenuipuniceus sp. Nov
,JQNC00000000,Thermus Caliditerrae,1,Thermus tenuipuniceus sp. Nov
,PRDA00000000,Thermus sp. YIM 76954,1,Thermus tenuipuniceus sp. Nov
,QGMX00000000,Thermus Caldifontis,2,Thermus tenuipuniceus sp. Nov
The Complete Genome and Proteome of Laribacter hongkongensis Reveal Potential Mechanisms for Adaptations to Different Temperatures and Habitats,CP001154,Unidentified ,11, Laribacter hongkongensis
Complete Genome Sequence Analysis of Acidithiobacillus ferrivorans XJFY6S-08 Reveals Environmental Adaptation to Alpine Acid Mine Drainage,CP001219,Uncultured Bacterium,11,Acidithiobacillus ferrivorans XJFY6S-08
,CP002985,Unidentified ,11,Acidithiobacillus ferrivorans XJFY6S-08
,MASQ00000000,Uncultured Bacterium,11,Acidithiobacillus ferrivorans XJFY6S-08
,CP059488,Uncultured bacterium,11,Acidithiobacillus ferrivorans XJFY6S-08
,LT841305,Unidentified ,11,Acidithiobacillus ferrivorans XJFY6S-08
Complete genome sequence of a denitrifying bacterium Halomonas sp. SS10-MC5 isolated from hydrothermal vent of Indian Ocean,CP065435,Halmonas Desidereta sp1,1, Bacterium Halomonas 
"Metabologenomics analysis of Pseudomonas sp. So3.2b, an Antarctic strain with bioactivity against Rhizoctonia solani",CP080494,Pseudomonas sp OV 577,1,Pseudomonas sp. So3.2b
"Streptomyces qaidamensis sp. nov., isolated from sand in the Qaidam Basin, China",CP015098,Streptomyces Qaidamensis,1,Streptomyces qaidamensis sp. Nov
"Complete genome sequence of Anoxybacter fermentans DY22613T, a piezophilic dissimilatory Fe(III)-reducing bacterium isolated from East Pacific Rise hydrothermal sulfides",CP016379,Anoxybacter Fermentans,1,Anoxybacter fermentans DY22613T
"Complete Genome Sequence of Paenibacillus sp. JZ16, a Plant Growth Promoting Root Endophytic Bacterium of the Desert Halophyte Zygophyllum Simplex",CP017659,Paenibacillus Lautus,1,Paenibacillus sp. JZ16
"Complete Genome Sequence Analysis of Enterobacter sp. SA187, a Plant Multi-Stress Tolerance Promoting Endophytic Bacterium",CP019113,Enterobacter Kobei,1, Enterobacter sp. SA187
The complete genome sequence of Colwellia sp. NB097-1 reveals evidence for the potential genetic basis for its adaptation to cold environment, CP020465,Colwellia sp. PAMC 21821,1, Colwellia sp. NB097-1
"Thauera hydrothermalis sp. nov., a thermophilic bacterium isolated from hot spring",CP029331,Thauera sp.,1,Thauera hydrothermalis sp. nov.
Characterization of the Genome Feature and Toxic Capacity of a Bacillus wiedmannii Isolate From the Hydrothermal Field in Okinawa Trough,CP032365,Bacillus sp. TW1,1,Bacillus wiedmannii 
"Staphylospora marina gen. nov., sp. nov., a novel member of the family Thermoactinomycetaceae, isolated from a deep-sea hydrothermal vent in the Pacific Ocean",CP034118,Thermoactinomycetaceae Bacterium,1,Staphylospora marina gen. nov
"Complete genome sequence of Paenisporosarcina antarctica CGMCC 1.6503T, a marine psychrophilic bacterium isolated from Antarctica",CP038015,Sporosarcina Sp KS7-3,1, Paenisporosarcina antarctica CGMCC 1.6503T
"Complete genome sequence of Alteromonas pelagimontana 5.12T, a marine exopolysaccharide-producing bacterium isolated from hydrothermally influenced deep-sea sediment of eastern Southwest Indian Ridge",CP052766,Alteromonas Pelagimontana,1, Alteromonas pelagimontana 5.12T
"Complete genome sequence and comparative genome analysis of Alcanivorax sp. IO_7, a marine alkane-degrading bacterium isolated from hydrothermally-influenced deep seawater of southwest Indian ridge",CP053420,Alcanivorax sp. MARC4R,1,Alcanivorax sp. IO_7
Complete genome sequence of a denitrifying bacterium Halomonas sp. SS10-MC5 isolated from hydrothermal vent of Indian Ocean,CP065435,Halmonas Desiderata sp1,1, Bacterium Halomonas 
"Metabologenomics analysis of Pseudomonas sp. So3.2b, an Antarctic strain with bioactivity against Rhizoctonia solani",CP080494,Pseudomonas sp OV577,1,Pseudomonas sp. So3.2b
Complete genome sequence of Roseivivax marinus strain TCYB24 with quorum sensing system reveal the adaptive mechanism against deep-sea hydrothermal environment,CP090152,Roseivivax Marinus,2,Roseivivax marinus strain TCYB24
Whole-Genome and Transcriptome Sequencing-Based Characterization of Bacillus Cereus NR1 From Subtropical Marine Mangrove and Its Potential Role in Sulfur Metabolism,CP090421,Bacillus Anthracis str. A0389,2, Bacillus Cereus NR1 
Geoalkalibacter halelectricus SAP-1 sp. nov. possessing extracellular electron transfer and mineral-reducing capabilities from a haloalkaline environment,CP092109, Uncultured Bacterium,1,Geoalkalibacter halelectricus SAP-1 sp. Nov
High-quality genome assembly and annotation of five bacteria isolated from the Abu Dhabi sabkha-shore region,CP145722,Bacillus Subtillis,1,
,CP145138,Bacillus Megaterium,5,
,CP144918,Altererythrobacter Marinus,1,
,CP145595,Staphylococcus Capitis,2,
,CP145596,Staphylococcus Capitis,2,
,CP145137,Bacillus Subtilis,2,
Polyhydroxyalkanoate (PHA) synthase genes and PHA-associated gene clusters in Pseudomonas spp. and Janthinobacterium spp. isolated from Antarctica,PRJEB15092/FMDA01,Pseudomonas Frederiksbergensis,1, Pseudomonas spp. and Janthinobacterium spp
,PRJEB15092/FMDB01,Pseudomonas Syringae pv. Pisi,2, Pseudomonas spp. and Janthinobacterium spp
,PRJEB15092/FMDC01,Janthinobacterium Lividum,1, Pseudomonas spp. and Janthinobacterium spp
,PRJEB15092/FMDD01,Oxalobacteraceae bacterium AB-7,1, Pseudomonas spp. and Janthinobacterium spp
"Micromonospora thermarum sp. nov., an actinobacterium isolated from hot spring soil", NZ_JAATEO000000000/JAATE001,Micromonospora sp HSS 6-12,1,Micromonospora thermarum 
Genomic Characterization of Potential Plant Growth-Promoting Features of Sphingomonas Strains Isolated from the International Space Station,JABEOW000000000, Sphingomonas sp EM0335,1, Sphingomonas
,JABEOV000000000, Sphingomonas sp EM0336,1, Sphingomonas
,JABEOU000000000, Sphingomonas sp JL3,1, Sphingomonas
,JABYQV000000000, Sphingomonas Sanguinis,1, Sphingomonas
"Genetic and Comparative Genome Analysis of Exiguobacterium aurantiacum SW-20, a Petroleum-Degrading Bacteria with Salt Tolerance and Heavy Metal-Tolerance Isolated from Produced Water of Changqing Oilfield, China",JAHXHC000000000,Misgurnus Anguillicaudatus (Oriental Weatherfish),1,Exiguobacterium aurantiacum SW-20
New cyanobacterial genus Argonema is hiding in soil crusts around the world,JAIQZM000000000,Uncultured Bacterium,11,Argonema 
,JAIQZN000000000,Hassalia Byssoidea CCALA841,1,Argonema 
"Description of five novel thermophilic species of the genus Thermus: Thermus hydrothermalis sp. nov., Thermus neutrinimicus sp. nov., Thermus thalpophilus sp. nov., Thermus albus sp. nov., and Thermus altitudinis sp. nov., isolated from hot spring sediments",JAKTNQ000000000,Thermus Scotoductus SA-01,4,"Thermus hydrothermalis sp. nov., Thermus neutrinimicus sp. nov., Thermus thalpophilus sp. nov., Thermus albus sp. nov., and Thermus altitudinis sp. Nov"
,JAKTNR000000000,Thermus Caldifontis,2,"Thermus hydrothermalis sp. nov., Thermus neutrinimicus sp. nov., Thermus thalpophilus sp. nov., Thermus albus sp. nov., and Thermus altitudinis sp. Nov"
,JAKTNS000000000,Thermus sp. RH-0401,1,"Thermus hydrothermalis sp. nov., Thermus neutrinimicus sp. nov., Thermus thalpophilus sp. nov., Thermus albus sp. nov., and Thermus altitudinis sp. Nov"
,JAKTNT000000000,Thermus sp.,1,"Thermus hydrothermalis sp. nov., Thermus neutrinimicus sp. nov., Thermus thalpophilus sp. nov., Thermus albus sp. nov., and Thermus altitudinis sp. Nov"
,JAKTNU000000000,Thermus scotoductus,1,"Thermus hydrothermalis sp. nov., Thermus neutrinimicus sp. nov., Thermus thalpophilus sp. nov., Thermus albus sp. nov., and Thermus altitudinis sp. Nov"
"A novel UV-resistant bacterium Sphingomonas endolithica sp. nov., and genomic analysis, isolated from the north slope of Mount Everest",CP103057,Uncultured Bacterium,11,Sphingomonas endolithica sp. Nov
,JANQBK000000000,,0,
Genomic and phenotypic characterization of a red-pigmented strain of Massilia frigida isolated from an Antarctic microbial mat,JAQOZV000000000,Masisilia sp. TMT4-26-3,1,Massilia frigida 
Phylogenetic affiliations and genomic characterization of novel bacterial species and their abundance in the International Space Station,JAROCB000000000,Leifsonia sp. SaPR11,1,
,JAROCC000000000,Sporosarcina Luteola,1,
,JAROCD000000000,Unidentified ,11,
, JAROCF000000000,Leifsonia Shinshuensis,2,
,JAROCG000000000,Unidentified ,11,
,JARUHI000000000,Leifsonia Shinshuensis,2,
"Whole-Genome Optical Mapping and Finished Genome Sequence of Sphingobacterium deserti sp. nov., a New Species Isolated from the Western Desert of China",JJMU00000000,Sphingobacterium Gobiense,1,Sphingobacterium deserti sp. Nov
"Anoxybacillus karvacharensis sp. nov., a novel thermophilic bacterium isolated from the Karvachar geothermal spring in Nagorno-Karabakh",MQAD00000000,Anoxybacillus Flavithermus,1,Anoxybacillus karvacharensis sp. Nov
Characterization of Aspergillus niger Isolated from the International Space Station,PRJNA355122/ MSJD01,Schizocoerus Liguloideus,7,Aspergillus niger
,PRJNA355122/ MSJE01,Schizocoerus Liguloideus,7,Aspergillus niger
,PRJNA355122/ MSJF01,Schizocoerus Liguloideus,7,Aspergillus niger
,PRJNA355122/ MSJG02,Schizocoerus Liguloideus,7,Aspergillus niger
,PRJNA355122/ MSJH02,Schizocoerus Liguloideus,7,Aspergillus niger
,PRJNA355122/ MSJI02,Schizocoerus Liguloideus,7,Aspergillus niger
,PRJNA355122/ MSJJ02,Schizocoerus Liguloideus,7,Aspergillus niger
,PRJNA355122/ MSJK01,Trichoderma Gamsii,1,Aspergillus niger
Molecular characterization of stress tolerance genes associated with D. indicus strain under extreme environment conditions,NHMK00000000,Deinococcus Aquaticus,1,D. indicus
Inspecting the genome sequence and agarases of Microbulbifer pacificus LD25 from a saltwater hot spring,PREV01000000,Microbulbifer pacificus ,1,Microbulbifer pacificus LD25
"Rhodobacter flagellatus sp. nov., a thermophilic bacterium isolated from a hot spring",VMDU00000000,Uncultured Rhodobacter sp.,1,Rhodobacter flagellatus sp. Nov
"Calorimonas adulescens gen. nov., sp. nov., an anaerobic thermophilic bacterium utilizing methoxylated benzoates",VTPS00000000,Uncultured Caloribacterium sp.,1,Calorimonas adulescens gen. nov
"Genome Sequence of Sphingomonas sp. S17, Isolated from an Alkaline, Hyperarsenic, and Hypersaline Volcano-Associated Lake at High Altitude in the Argentinean Puna",AFGG01000000,Sphingomonas sp. JL3,1, Sphingomonas sp. S17
"Genomic analysis reveals the biotechnological and industrial potential of levan producing halophilic extremophile, Halomonas smyrnensis AAD6T",AJKS00000000,Halomonas smyrnensis AAD6,1, Halomonas smyrnensis AAD6T
,AJKS02000001,Not found!,34, Halomonas smyrnensis AAD6T
,AJKS02000002,Not found!,34, Halomonas smyrnensis AAD6T
,AJKS02000003,Not found!,34, Halomonas smyrnensis AAD6T
,AJKS02000004,Not found!,34, Halomonas smyrnensis AAD6T
,AJKS02000005,Not found!,34, Halomonas smyrnensis AAD6T
,AJKS02000006,Not found!,34, Halomonas smyrnensis AAD6T
,AJKS02000007,Not found!,34, Halomonas smyrnensis AAD6T
,AJKS02000008,Not found!,34, Halomonas smyrnensis AAD6T
,AJKS02000009,Not found!,34, Halomonas smyrnensis AAD6T
,AJKS02000010,Not found!,34, Halomonas smyrnensis AAD6T
,AJKS02000011,Not found!,34, Halomonas smyrnensis AAD6T
,AJKS02000012,Not found!,34, Halomonas smyrnensis AAD6T
,AJKS02000013,Not found!,34, Halomonas smyrnensis AAD6T
,AJKS02000014,Not found!,34, Halomonas smyrnensis AAD6T
,AJKS02000015,Not found!,34, Halomonas smyrnensis AAD6T
,AJKS02000016,Not found!,34, Halomonas smyrnensis AAD6T
,AJKS02000017,Not found!,34, Halomonas smyrnensis AAD6T
,AJKS02000018,Not found!,34, Halomonas smyrnensis AAD6T
,AJKS02000019,Not found!,34, Halomonas smyrnensis AAD6T
,AJKS02000020,Not found!,34, Halomonas smyrnensis AAD6T
,AJKS02000021,Not found!,34, Halomonas smyrnensis AAD6T
,AJKS02000022,Not found!,34, Halomonas smyrnensis AAD6T
,AJKS02000023,Not found!,34, Halomonas smyrnensis AAD6T
,AJKS02000024,Not found!,34, Halomonas smyrnensis AAD6T
,AJKS02000025,Not found!,34, Halomonas smyrnensis AAD6T
,AJKS02000026,Not found!,34, Halomonas smyrnensis AAD6T
,AJKS02000027,Not found!,34, Halomonas smyrnensis AAD6T
,AJKS02000028,Not found!,34, Halomonas smyrnensis AAD6T
,AJKS02000029,Not found!,34, Halomonas smyrnensis AAD6T
,AJKS02000030,Not found!,34, Halomonas smyrnensis AAD6T
,AJKS02000031,Not found!,34, Halomonas smyrnensis AAD6T
,AJKS02000032,Not found!,34, Halomonas smyrnensis AAD6T
,AJKS02000033,Not found!,34, Halomonas smyrnensis AAD6T
,AJKS02000034,Not found!,34, Halomonas smyrnensis AAD6T
"Whole-Genome Shotgun Sequencing of Rhodococcus erythropolis Strain P27, a Highly Radiation-Resistant Actinomycete from Antarctica",AP008957.1,Rhodococcus erythropolis,1,Rhodococcus erythropolis Strain P27
,AVCO01000000,Rhodococcus sp. OK551,1,Rhodococcus erythropolis Strain P27
Complete genome sequence of Arthrobacter sp. PAMC25564 and comparative genome analysis for elucidating the role of CAZymes in cold adaptation,AP014718,Arthrobacter sp.,4,Arthrobacter sp. PAMC25564
,NZ_CP03929,Pseudarthrobacter sulfonivorans,1,Arthrobacter sp. PAMC25564
,NZ_CP040018,Arthrobacter oryzae,1,Arthrobacter sp. PAMC25564
, NZ_CP022436,Arthrobacter sp. YN,1,Arthrobacter sp. PAMC25564
,NZ_CP019304.1,Arthrobacter sp. QXT-31,1,Arthrobacter sp. PAMC25564
, NC_018531,Arthrobacter sp. Rue61a,1,Arthrobacter sp. PAMC25564
,NC_008541.1,actinobacterium MES16,1,Arthrobacter sp. PAMC25564
,NZ_CP007595.1,Arthrobacter sp. PAMC 25486,1,Arthrobacter sp. PAMC25564
,NZ_CP017421.1,Arthrobacter sp. PSB94,2,Arthrobacter sp. PAMC25564
,NZ_CP015732.1,Arthrobacter sp. U41,1,Arthrobacter sp. PAMC25564
,NZ_CP029642.1,Arthrobacter sp. DCT-5,1,Arthrobacter sp. PAMC25564
, NZ_CP026514.1,Pseudarthrobacter phenanthrenivorans,2,Arthrobacter sp. PAMC25564
,NZ_CP013297,Arthrobacter sp. YC-RL1,2,Arthrobacter sp. PAMC25564
,NZ_CP012479,Arthrobacter sp. ERGS1:01,2,Arthrobacter sp. PAMC25564
,NZ_CP042172,Arthrobacter sp.,4,Arthrobacter sp. PAMC25564
,NZ_CP040174.1,uncultured bacterium,11,Arthrobacter sp. PAMC25564
,AP018697.1,unidentified,2,Arthrobacter sp. PAMC25564
,AP014719.1,Arthrobacter sp. H20,1,Arthrobacter sp. PAMC25564
, NZ_CP014196,Arthrobacter sp. PSB94,2,Arthrobacter sp. PAMC25564
, NZ_CP018863.,Arthrobacter crystallopoietes,1,Arthrobacter sp. PAMC25564
,NZ_CP012677,,0,Arthrobacter sp. PAMC25564
,NZ_CP013200,Arthrobacter alpinus,6,Arthrobacter sp. PAMC25564
,NZ_CP013745,Arthrobacter alpinus,6,Arthrobacter sp. PAMC25564
,NC_015145.1,Pseudarthrobacter phenanthrenivorans,2,Arthrobacter sp. PAMC25564
,NC_011886.1,Pseudarthrobacter chlorophenolicus A6,1,Arthrobacter sp. PAMC25564
, NZ_CP013747.1,Arthrobacter sp.,4,Arthrobacter sp. PAMC25583
Whole genome-scale assessment of gene fitness of Novosphingobium aromaticavorans during spaceflight,CP000248,unidentified,2, Novosphingobium aromaticavorans
,CP000676,Not Found,16, Novosphingobium aromaticavorans
,CP000677,,0, Novosphingobium aromaticavorans
Complete genome sequence data of Priestia megaterium strain MARUCO02 isolated from marine mangrove-inhabited sediments of the Indian Ocean in the Bagamoyo Coast,CP107543,,0,Priestia megaterium strain MARUCO02
,CP001982,Bacillus megaterium,5,Priestia megaterium strain MARUCO02
,CP001983,Bacillus megaterium,5,Priestia megaterium strain MARUCO02
,CP009920,Bacillus megaterium,5,Priestia megaterium strain MARUCO02
,CP032527,Bacillus megaterium,5,Priestia megaterium strain MARUCO02
Analysis of the complete genome of Fervidococcus fontis confirms the distinct phylogenetic position of the order Fervidicoccales and suggests its environmental function,CP003423,uncultured archaeon,1, Fervidococcus fontis
"Complete genome sequence of Hymenobacter swuensis, an ionizing-radiation resistant bacterium isolated from mountain soil",CP007145,Hymenobacter swuensis DY53,1,Hymenobacter swuensis
,CP007144,Not Found,16,Hymenobacter swuensis
,CP007143,Not Found,16,Hymenobacter swuensis
,CP007146,Not Found,16,Hymenobacter swuensis
"Complete genome sequence of ‘Halanaeroarchaeum sulfurireducens’ M27-SA2, a sulfur-reducing and acetate-oxidizing haloarchaeon from the deep-sea hypersaline anoxic lake Medee",CP011564,Halanaeroarchaeum sulfurireducens,1,Halanaeroarchaeum sulfurireducens
,CP011565,Not Found,16,Halanaeroarchaeum sulfurireducens
"Complete genome sequence of Arthrobacter sp. ERGS1:01, a putative novel bacterium with prospective cold active industrial enzymes, isolated from East Rathong glacier in India",CP012477,Not Found,16,Arthrobacter sp. ERGS1:01
,CP012478,Not Found,16,Arthrobacter sp. ERGS1:01
,CP012479,Arthrobacter sp. ERGS1:01,2,Arthrobacter sp. ERGS1:01
Complete genome sequence of Lutibacter profundi LP1T isolated from an Arctic deep-sea hydrothermal vent system, CP013355,Lutibacter profundi,1, Lutibacter profundi LP1T
"Complete genome sequence of Janthinobacterium sp. B9-8, a violacein-producing bacterium isolated from low-temperature sewage",CP014222,Janthinobacterium sp. B9-8,1,Janthinobacterium sp. B9-8
Complete genome sequence of opine-utilizing Variovorax sp. strain PAMC28711 isolated from an Antarctic lichen,CP014517,Variovorax sp. PAMC 28711,1,Variovorax sp. strain PAMC28711
Complete genome sequence of Thermus brockianus GE-1 reveals key enzymes of xylan/xylose metabolism,CP016312,Thermus scotoductus SA-01,4,Thermus brockianus GE-1
,CP016313,Not Found,16,Thermus brockianus GE-1
,CP016314,Not found,16,Thermus brockianus GE-1
"Complete genome sequence of Granulosicoccus antarcticus type strain IMCC3135T, a marine gammaproteobacterium with a putative dimethylsulfoniopropionate demethylase gene",CP018632,Granulosicoccus antarcticus,1,Granulosicoccus antarcticus type strain IMCC3135T
"Isolation and complete genome sequence of Halorientalis hydrocarbonoclasticus sp. nov., a hydrocarbon-degrading haloarchaeon",CP019067,Halorientalis sp. IM1011,1, Halorientalis hydrocarbonoclasticus sp. nov
,CP019068,Not Found,16, Halorientalis hydrocarbonoclasticus sp. nov
,CP019069,Not Found,16, Halorientalis hydrocarbonoclasticus sp. nov
"Genomic insights into the molecular mechanisms of a Pseudomonas strain significant in its survival in Kongsfjorden, an Arctic fjord",CP033116,Pseudomonas pelagia,1,Pseudomonas 
"Nakamurella antarctica sp. nov., isolated from Antarctica South Shetland Islands soil",CP034170,Nakamurella sp. s14-144,1,Nakamurella antarctica sp. Nov
Complete genome sequence of Pseudoalteromonas sp. Xi13 capable of degrading ?-selenocarrageenan isolated from the floating ice of Southern Ocean,CP034439,Pseudoalteromonas sp. 1_2015MBL_MicDiv,1,Pseudoalteromonas sp. Xi13 
,CP034440,,0,Pseudoalteromonas sp. Xi13 
"Complete Genome Sequences of Colwellia sp. Arc7-635, a Denitrifying Bacterium Isolated from Arctic Seawater",CP034660,metagenome,2,Colwellia sp. Arc7-635
Complete genome of Sulfitobacter sp. BSw21498 isolated from seawater of Arctic Kongsfjorden,CP040753,Sulfitobacter sp. NAS-14.1,1,Sulfitobacter sp. BSw21498 
,CP040754,,0,Sulfitobacter sp. BSw21498 
Complete genome sequence of an Arctic Ocean bacterium Shewanella sp. Arc9-LZ with capacity of synthesizing silver nanoparticles in darkness,CP048031,Shewanella sp. 11B5,1, Shewanella sp. Arc9-LZ
Complete genome of Polaromonas vacuolata KCTC 22033T isolated from beneath Antarctic Sea ice,CP051461,Polaromonas sp. E16S,1,Polaromonas vacuolata KCTC 22033T
Complete genome sequence of Rhodoferax sp. PAMC 29310 from a marine sediment of the East Siberian Sea,CP072852,Rhodoferax saidenbachensis,1, Rhodoferax sp. PAMC 29310
Complete genome sequencing and comparison of two nitrogen-metabolizing bacteria isolated from Antarctic deep-sea sediment,CP086344,Halomonas sp. P35,1,
Complete genome sequence of Deinococcus rubellus Ant6 isolated from the fish muscle in the Antarctic Ocean,CP104213,Deinococcus sp. Ant6,1, Deinococcus rubellus Ant6
"Draft Genome Sequence of Rhizobium sp. Strain 32-5/1, Isolated from Vicia cracca L. Root Nodules in the Russian Arctic",CP120638,uncultured bacterium,11,Rhizobium sp. Strain 32-5/1
,CP120639,,0,Rhizobium sp. Strain 32-5/1
,CP120640,,0,Rhizobium sp. Strain 32-5/1
"Genome analysis of Tepidibacter sp. SWIR-1, an anaerobic endospore-forming bacterium isolated from a deep-sea hydrothermal vent",CP120733,metagenome,2,Tepidibacter sp. SWIR-1
,CP120734,,0,Tepidibacter sp. SWIR-1
Complete genome sequence data of an Antarctic bacterium Arthrobacter sp. EM1 from the freshwater lake of the King George Island,CP124836.1,Arthrobacter sp. An5,1,Arthrobacter sp. EM1
Complete genome sequence of a novel Pseudomonas sp. IT1137 isolated from Antarctic intertidal sediment showing potential for alkane degradation at low temperatures,CP141799,Pseudomonas sp. CC6-YY-74,1,Pseudomonas sp. IT1137
,CP141800,,0,Pseudomonas sp. IT1137
"The genome of Desulfotalea psychrophila, a sulfate-reducing bacterium from permanently cold Arctic sediments",CR522870.1,"
Species	Match	Confidence of result
Desulfotalea psychrophila LSv54",1,Desulfotalea psychrophila
"Hymenobacter terrestris sp. nov. and Hymenobacter lapidiphilus sp. nov., isolated from regoliths in Antarctica ",JABKAU010000000,"Species	Match	Confidence of result
Hymenobacter sp. R-36215",1,Hymenobacter terrestris sp. nov. and Hymenobacter lapidiphilus sp. Nov
,JABKAV010000000,Hymenobacter sp. CCM 8763,1,Hymenobacter terrestris sp. nov. and Hymenobacter lapidiphilus sp. nov
"Frigoriflavimonas asaccharolytica gen. nov., sp. nov., a novel psychrophilic esterase and protease producing bacterium isolated from Antarctica",JABSNO000000000.1,Chryseobacterium antarcticum,1,Frigoriflavimonas asaccharolytica gen. nov
Classification of a Violacein-Producing Psychrophilic Group of Isolates Associated with Freshwater in Antarctica and Description of Rugamonas violacea sp. Nov,JAEMNU000000000,Herbaspirillum sp. F1,1,Rugamonas violacea sp. Nov
"Description and genome analysis of Microvirga antarctica sp. nov., a novel pink-pigmented psychrotolerant bacterium isolated from Antarctic soil",JAGEMM000000000,alpha proteobacterium R-39199,1, Microvirga antarctica sp. Nov
Genomic characterization and radiation tolerance of Naganishia kalamii sp. nov. and Cystobasidium onofrii sp. nov. from Mars 2020 mission assembly facilities,JAKLLX000000000,Naganishia albida,1,Naganishia kalamii sp. nov. and Cystobasidium onofrii sp. Nov
,JAKLNA000000000,uncultured Basidiomycota,1,Naganishia kalamii sp. nov. and Cystobasidium onofrii sp. nov
Genomic analysis of a halophilic bacterium Nesterenkonia sp. CL21 with ability to produce a diverse group of lignocellulolytic enzymes,JAUTWR000000000,Nesterenkonia sp. YIM 90721,1,Nesterenkonia sp. CL21
"High-quality draft genome sequence of Pseudomonas aeruginosa san ai, an environmental isolate resistant to heavy metals",JMKR00000000,Pseudomonas aeruginosa,7, Pseudomonas aeruginosa san a
New Research on the Bacillus anthracis Genetic Diversity in Siberia,NC_007530.2,Bacillus anthracis str. A0389,2, Bacillus anthracis
,NC_007322.2,,0, Bacillus anthracis
,NC_007323.3,,0, Bacillus anthracis
"Amycolatopsis antarctica sp. nov., isolated from the surface of an Antarctic brown macroalga ",NKYE01000000,Amycolatopsis sp. AU-G6,1,Amycolatopsis antarctica sp. Nov
Whole genome sequencing of four bacterial strains from South Shetland Trench revealing biosynthetic and environmental adaptation gene clusters,QNTT01000000,Dietzia alimentaria,2,
,QNTU01000000,Halomonas sp. JB37,1,
